{
    "surface forces": {
        "integrated directed area (m^2)": [
            -1.45935746939576e-14,
            -0.0683585787274071,
            1.09699811710759e-13
        ],
        "inviscid": {
            "x direction (N)": -155.765819298611,
            "y direction (N)": -6066.28488353326,
            "z direction (N)": 15698.4510415954
        },
        "mesh boundary tags": [
            3,
            4,
            5,
            6,
            7,
            8,
            9,
            10,
            11,
            12
        ],
        "viscous": {
            "x direction (N)": 221.976710035895,
            "y direction (N)": -1.81841386897852,
            "z direction (N)": 5.36524598430608
        }
    }
}
